{
  "timestamp": "2026-01-15T02:06:48.090104",
  "dataset": "LIBERO",
  "settings": {
    "train_samples": 2000,
    "test_samples": 500,
    "batch_size": 16,
    "epochs": 10,
    "hidden_dim": 512
  },
  "baseline": {
    "final_loss": 0.0840577906370163,
    "final_action_loss": 0.0840577906370163,
    "eval_arm_mse": 0.04374578369606752,
    "eval_gripper_acc": 0.712890625
  },
  "actor": {
    "final_loss": 0.0915482079386711,
    "final_action_loss": 0.08537363827228546,
    "final_l3_loss": 0.6174569940567016,
    "eval_arm_mse": 0.035983209701953456,
    "eval_gripper_acc": 0.7421875
  },
  "improvements": {
    "arm_mse": 17.744736379729943,
    "l3_reduction": 24.541207957820035
  }
}